0;Atletico-MG;2;0;Internacional;R;10;11;1000;1000;1000;1000;1000;1000;1000;1000
1;Fluminense;0;0;Santos;R;1000;1000;1000;1000;1000;1000;1000;1000;1000;1000
2;Sao Paulo;4;0;Athletico-PR;R;28;30;29;29;1000;1000;1000;1000;1000;1000
3;Palmeiras;2;3;Ceara;R;40;41;153;154;153;1000;1000;1000;1000;1000
4;Botafogo;1;3;Corinthians;R;163;164;165;52;1000;1000;1000;1000;1000;1000
5;Juventude;2;2;Bragantino;R;59;60;170;174;1000;1000;1000;1000;1000;1000
6;Fortaleza;0;1;Cuiaba;R;184;1000;1000;1000;1000;1000;1000;1000;1000;1000
7;Atletico-GO;1;1;Flamengo;R;85;196;1000;1000;1000;1000;1000;1000;1000;1000
8;Avai;1;0;America-MG;R;97;1000;1000;1000;1000;1000;1000;1000;1000;1000
9;Coritiba;3;0;Goias;R;106;107;108;1000;1000;1000;1000;1000;1000;1000
10;America-MG;4;1;Juventude;R;7;8;9;10;64;1000;1000;1000;1000;1000
11;Flamengo;3;1;Sao Paulo;R;194;195;196;30;1000;1000;1000;1000;1000;1000
12;Bragantino;4;0;Atletico-GO;R;170;171;172;173;1000;1000;1000;1000;1000;1000
13;Corinthians;3;0;Avai;R;161;162;163;1000;1000;1000;1000;1000;1000;1000
14;Santos;2;1;Coritiba;R;129;130;108;1000;1000;1000;1000;1000;1000;1000
15;Internacional;2;1;Fortaleza;R;119;120;74;1000;1000;1000;1000;1000;1000;1000
16;Ceara;1;3;Botafogo;R;152;51;52;53;1000;1000;1000;1000;1000;1000
17;Goias;1;1;Palmeiras;R;219;42;1000;1000;1000;1000;1000;1000;1000;1000
18;Cuiaba;0;1;Fluminense;R;19;1000;1000;1000;1000;1000;1000;1000;1000;1000
19;Athletico-PR;0;1;Atletico-MG;R;9;1000;1000;1000;1000;1000;1000;1000;1000;1000
20;Atletico-MG;2;2;Coritiba;R;5;6;107;108;1000;1000;1000;1000;1000;1000
21;Fluminense;0;1;Internacional;R;117;1000;1000;1000;1000;1000;1000;1000;1000;1000
22;Bragantino;1;1;Sao Paulo;R;175;27;1000;1000;1000;1000;1000;1000;1000;1000
23;Palmeiras;3;0;Corinthians;R;40;41;42;1000;1000;1000;1000;1000;1000;1000
24;Santos;3;0;America-MG;R;129;130;129;1000;1000;1000;1000;1000;1000;1000
25;Juventude;0;1;Cuiaba;R;186;1000;1000;1000;1000;1000;1000;1000;1000;1000
26;Fortaleza;0;1;Ceara;R;151;1000;1000;1000;1000;1000;1000;1000;1000;1000
27;Atletico-GO;1;1;Botafogo;R;86;52;1000;1000;1000;1000;1000;1000;1000;1000
28;Avai;3;2;Goias;R;95;96;97;216;217;1000;1000;1000;1000;1000
29;Athletico-PR;1;0;Flamengo;R;141;1000;1000;1000;1000;1000;1000;1000;1000;1000
30;America-MG;1;0;Athletico-PR;R;5;1000;1000;1000;1000;1000;1000;1000;1000;1000
31;Flamengo;0;0;Palmeiras;R;1000;1000;1000;1000;1000;1000;1000;1000;1000;1000
32;Sao Paulo;2;1;Santos;R;30;31;129;1000;1000;1000;1000;1000;1000;1000
33;Corinthians;1;0;Fortaleza;R;161;1000;1000;1000;1000;1000;1000;1000;1000;1000
34;Botafogo;1;1;Juventude;R;51;63;1000;1000;1000;1000;1000;1000;1000;1000
35;Internacional;0;0;Avai;R;1000;1000;1000;1000;1000;1000;1000;1000;1000;1000
36;Ceara;0;1;Bragantino;R;174;1000;1000;1000;1000;1000;1000;1000;1000;1000
37;Goias;2;2;Atletico-MG;R;216;217;9;10;1000;1000;1000;1000;1000;1000
38;Cuiaba;1;1;Atletico-GO;R;185;86;1000;1000;1000;1000;1000;1000;1000;1000
39;Coritiba;3;2;Fluminense;R;107;108;109;20;21;1000;1000;1000;1000;1000
40;Atletico-MG;1;2;America-MG;R;6;207;208;1000;1000;1000;1000;1000;1000;1000
41;Flamengo;0;1;Botafogo;R;52;1000;1000;1000;1000;1000;1000;1000;1000;1000
42;Bragantino;0;1;Corinthians;R;164;1000;1000;1000;1000;1000;1000;1000;1000;1000
43;Palmeiras;1;1;Fluminense;R;42;20;1000;1000;1000;1000;1000;1000;1000;1000
44;Santos;4;1;Cuiaba;R;127;128;129;130;18;1000;1000;1000;1000;1000
45;Juventude;1;1;Internacional;R;63;115;1000;1000;1000;1000;1000;1000;1000;1000
46;Fortaleza;1;1;Sao Paulo;R;75;30;1000;1000;1000;1000;1000;1000;1000;1000
47;Atletico-GO;0;1;Goias;R;214;1000;1000;1000;1000;1000;1000;1000;1000;1000
48;Avai;2;1;Coritiba;R;97;98;108;1000;1000;1000;1000;1000;1000;1000
49;Athletico-PR;1;0;Ceara;R;139;1000;1000;1000;1000;1000;1000;1000;1000;1000
50;Atletico-MG;2;0;Atletico-GO;R;5;6;1000;1000;1000;1000;1000;1000;1000;1000
51;Fluminense;2;1;Athletico-PR;R;18;19;140;1000;1000;1000;1000;1000;1000;1000
52;Sao Paulo;2;1;Cuiaba;R;30;31;181;1000;1000;1000;1000;1000;1000;1000
53;Palmeiras;2;0;Bragantino;R;41;42;1000;1000;1000;1000;1000;1000;1000;1000
54;Botafogo;3;1;Fortaleza;R;49;50;51;75;1000;1000;1000;1000;1000;1000
55;Internacional;2;2;Corinthians;R;119;120;159;160;1000;1000;1000;1000;1000;1000
56;Ceara;2;2;Flamengo;R;150;151;195;196;1000;1000;1000;1000;1000;1000
57;Goias;1;0;Santos;R;216;1000;1000;1000;1000;1000;1000;1000;1000;1000
58;Avai;1;2;Juventude;R;96;64;65;1000;1000;1000;1000;1000;1000;1000
59;Coritiba;1;0;America-MG;R;104;1000;1000;1000;1000;1000;1000;1000;1000;1000
60;America-MG;1;1;Botafogo;R;206;51;1000;1000;1000;1000;1000;1000;1000;1000
61;Flamengo;1;0;Goias;R;195;1000;1000;1000;1000;1000;1000;1000;1000;1000
62;Bragantino;1;1;Atletico-MG;R;173;6;1000;1000;1000;1000;1000;1000;1000;1000
63;Corinthians;1;1;Sao Paulo;R;161;30;1000;1000;1000;1000;1000;1000;1000;1000
64;Santos;0;0;Ceara;R;1000;1000;1000;1000;1000;1000;1000;1000;1000;1000
65;Juventude;0;3;Palmeiras;R;40;41;42;1000;1000;1000;1000;1000;1000;1000
66;Fortaleza;0;1;Fluminense;R;20;1000;1000;1000;1000;1000;1000;1000;1000;1000
67;Atletico-GO;2;0;Coritiba;R;9;10;1000;1000;1000;1000;1000;1000;1000;1000
68;Cuiaba;1;1;Internacional;R;184;116;1000;1000;1000;1000;1000;1000;1000;1000
69;Athletico-PR;2;1;Avai;R;139;140;93;1000;1000;1000;1000;1000;1000;1000
70;Atletico-MG;2;1;Avai;R;5;6;94;1000;1000;1000;1000;1000;1000;1000
71;Fluminense;1;2;Flamengo;R;19;194;195;1000;1000;1000;1000;1000;1000;1000
72;Sao Paulo;2;2;Ceara;R;30;31;151;152;1000;1000;1000;1000;1000;1000
73;Corinthians;1;1;America-MG;R;159;206;1000;1000;1000;1000;1000;1000;1000;1000
74;Santos;0;1;Palmeiras;R;43;1000;1000;1000;1000;1000;1000;1000;1000;1000
75;Internacional;1;1;Atletico-GO;R;115;82;1000;1000;1000;1000;1000;1000;1000;1000
76;Fortaleza;1;1;Juventude;R;73;62;1000;1000;1000;1000;1000;1000;1000;1000
77;Goias;1;1;Bragantino;R;214;170;1000;1000;1000;1000;1000;1000;1000;1000
78;Cuiaba;0;1;Athletico-PR;R;137;1000;1000;1000;1000;1000;1000;1000;1000;1000
79;Coritiba;1;0;Botafogo;R;105;1000;1000;1000;1000;1000;1000;1000;1000;1000
80;America-MG;2;1;Cuiaba;R;203;204;181;1000;1000;1000;1000;1000;1000;1000
81;Flamengo;1;2;Fortaleza;R;195;72;73;1000;1000;1000;1000;1000;1000;1000
82;Bragantino;0;2;Internacional;R;119;120;1000;1000;1000;1000;1000;1000;1000;1000
83;Palmeiras;0;0;Atletico-MG;R;1000;1000;1000;1000;1000;1000;1000;1000;1000;1000
84;Botafogo;1;2;Goias;R;52;213;213;1000;1000;1000;1000;1000;1000;1000
85;Juventude;1;0;Fluminense;R;60;1000;1000;1000;1000;1000;1000;1000;1000;1000
86;Ceara;1;1;Coritiba;R;148;105;1000;1000;1000;1000;1000;1000;1000;1000
87;Atletico-GO;0;1;Corinthians;R;162;1000;1000;1000;1000;1000;1000;1000;1000;1000
88;Avai;1;1;Sao Paulo;R;93;31;1000;1000;1000;1000;1000;1000;1000;1000
89;Athletico-PR;2;2;Santos;R;139;140;127;128;1000;1000;1000;1000;1000;1000
90;America-MG;0;2;Ceara;R;150;151;1000;1000;1000;1000;1000;1000;1000;1000
91;Fluminense;5;3;Atletico-MG;R;15;16;17;18;19;5;6;7;1000;1000
92;Bragantino;1;0;Flamengo;R;172;1000;1000;1000;1000;1000;1000;1000;1000;1000
93;Palmeiras;4;0;Botafogo;R;38;39;40;41;1000;1000;1000;1000;1000;1000
94;Santos;1;1;Internacional;R;128;115;1000;1000;1000;1000;1000;1000;1000;1000
95;Juventude;1;3;Athletico-PR;R;60;138;139;140;1000;1000;1000;1000;1000;1000
96;Fortaleza;1;1;Goias;R;74;219;1000;1000;1000;1000;1000;1000;1000;1000
97;Atletico-GO;2;1;Avai;R;84;85;96;1000;1000;1000;1000;1000;1000;1000
98;Cuiaba;1;0;Corinthians;R;182;1000;1000;1000;1000;1000;1000;1000;1000;1000
99;Coritiba;1;1;Sao Paulo;R;104;29;1000;1000;1000;1000;1000;1000;1000;1000
100;Atletico-MG;1;1;Santos;R;9;128;1000;1000;1000;1000;1000;1000;1000;1000
101;Fluminense;0;2;Atletico-GO;R;82;83;1000;1000;1000;1000;1000;1000;1000;1000
102;Sao Paulo;1;0;America-MG;R;30;1000;1000;1000;1000;1000;1000;1000;1000;1000
103;Corinthians;2;0;Juventude;R;162;163;1000;1000;1000;1000;1000;1000;1000;1000
104;Botafogo;0;1;Avai;R;96;1000;1000;1000;1000;1000;1000;1000;1000;1000
105;Internacional;3;1;Flamengo;R;116;117;118;196;1000;1000;1000;1000;1000;1000
106;Fortaleza;0;0;Athletico-PR;R;1000;1000;1000;1000;1000;1000;1000;1000;1000;1000
107;Goias;1;1;Ceara;R;218;150;1000;1000;1000;1000;1000;1000;1000;1000
108;Cuiaba;1;1;Bragantino;R;186;173;1000;1000;1000;1000;1000;1000;1000;1000
109;Coritiba;0;2;Palmeiras;R;39;40;1000;1000;1000;1000;1000;1000;1000;1000
110;America-MG;0;0;Fluminense;R;1000;1000;1000;1000;1000;1000;1000;1000;1000;1000
111;Flamengo;2;0;Cuiaba;R;194;195;1000;1000;1000;1000;1000;1000;1000;1000
112;Bragantino;4;2;Coritiba;R;170;171;172;173;106;107;1000;1000;1000;1000
113;Palmeiras;4;2;Atletico-GO;R;38;39;40;41;83;84;1000;1000;1000;1000
114;Botafogo;1;0;Sao Paulo;R;52;1000;1000;1000;1000;1000;1000;1000;1000;1000
115;Juventude;1;2;Santos;R;63;127;128;1000;1000;1000;1000;1000;1000;1000
116;Ceara;0;0;Atletico-MG;R;1000;1000;1000;1000;1000;1000;1000;1000;1000;1000
117;Goias;1;2;Internacional;R;218;116;115;1000;1000;1000;1000;1000;1000;1000
118;Avai;3;2;Fortaleza;R;95;96;97;71;72;1000;1000;1000;1000;1000
119;Athletico-PR;1;1;Corinthians;R;137;163;1000;1000;1000;1000;1000;1000;1000;1000
120;Atletico-MG;2;0;Flamengo;R;8;9;1000;1000;1000;1000;1000;1000;1000;1000
121;Fluminense;2;0;Avai;R;17;18;1000;1000;1000;1000;1000;1000;1000;1000
122;Sao Paulo;1;2;Palmeiras;R;30;39;40;1000;1000;1000;1000;1000;1000;1000
123;Corinthians;1;0;Goias;R;161;1000;1000;1000;1000;1000;1000;1000;1000;1000
124;Santos;2;2;Bragantino;R;127;128;172;173;1000;1000;1000;1000;1000;1000
125;Internacional;2;3;Botafogo;R;118;119;50;51;52;1000;1000;1000;1000;1000
126;Fortaleza;1;0;America-MG;R;73;1000;1000;1000;1000;1000;1000;1000;1000;1000
127;Atletico-GO;3;1;Juventude;R;84;85;86;63;1000;1000;1000;1000;1000;1000
128;Cuiaba;0;0;Ceara;R;1000;1000;1000;1000;1000;1000;1000;1000;1000;1000
129;Coritiba;0;1;Athletico-PR;R;140;1000;1000;1000;1000;1000;1000;1000;1000;1000
130;Atletico-MG;3;2;Fortaleza;R;5;6;7;70;71;1000;1000;1000;1000;1000
131;Flamengo;3;0;America-MG;R;195;196;197;1000;1000;1000;1000;1000;1000;1000
132;Sao Paulo;0;0;Juventude;R;1000;1000;1000;1000;1000;1000;1000;1000;1000;1000
133;Corinthians;0;0;Santos;R;1000;1000;1000;1000;1000;1000;1000;1000;1000;1000
134;Botafogo;0;1;Fluminense;R;18;1000;1000;1000;1000;1000;1000;1000;1000;1000
135;Internacional;3;0;Coritiba;R;115;116;117;1000;1000;1000;1000;1000;1000;1000
136;Ceara;1;1;Atletico-GO;R;150;84;1000;1000;1000;1000;1000;1000;1000;1000
137;Goias;1;0;Cuiaba;R;217;1000;1000;1000;1000;1000;1000;1000;1000;1000
138;Avai;2;2;Palmeiras;R;93;94;41;42;1000;1000;1000;1000;1000;1000
139;Athletico-PR;4;2;Bragantino;R;137;138;139;140;173;174;1000;1000;1000;1000
140;America-MG;1;0;Goias;R;204;1000;1000;1000;1000;1000;1000;1000;1000;1000
141;Fluminense;4;0;Corinthians;R;16;17;18;19;20;1000;1000;1000;1000;1000
142;Bragantino;0;1;Botafogo;R;49;1000;1000;1000;1000;1000;1000;1000;1000;1000
143;Palmeiras;0;2;Athletico-PR;R;140;141;1000;1000;1000;1000;1000;1000;1000;1000
144;Santos;1;2;Flamengo;R;127;196;197;1000;1000;1000;1000;1000;1000;1000
145;Juventude;1;2;Atletico-MG;R;63;7;8;1000;1000;1000;1000;1000;1000;1000
146;Ceara;1;1;Internacional;R;151;118;1000;1000;1000;1000;1000;1000;1000;1000
147;Atletico-GO;1;2;Sao Paulo;R;86;26;26;1000;1000;1000;1000;1000;1000;1000
148;Avai;1;2;Cuiaba;R;98;186;186;1000;1000;1000;1000;1000;1000;1000
149;Coritiba;2;1;Fortaleza;R;105;105;76;1000;1000;1000;1000;1000;1000;1000
150;Atletico-MG;0;0;Sao Paulo;R;1000;1000;1000;1000;1000;1000;1000;1000;1000;1000
151;Fluminense;2;1;Ceara;R;18;19;148;1000;1000;1000;1000;1000;1000;1000
152;Bragantino;4;0;Avai;R;170;171;172;173;1000;1000;1000;1000;1000;1000
153;Corinthians;1;0;Flamengo;R;164;1000;1000;1000;1000;1000;1000;1000;1000;1000
154;Santos;1;0;Atletico-GO;R;129;1000;1000;1000;1000;1000;1000;1000;1000;1000
155;Internacional;1;0;America-MG;R;120;1000;1000;1000;1000;1000;1000;1000;1000;1000
156;Fortaleza;0;0;Palmeiras;R;1000;1000;1000;1000;1000;1000;1000;1000;1000;1000
157;Goias;2;1;Athletico-PR;R;218;219;140;1000;1000;1000;1000;1000;1000;1000
158;Cuiaba;2;0;Botafogo;R;184;185;1000;1000;1000;1000;1000;1000;1000;1000
159;Coritiba;2;2;Juventude;R;109;109;63;64;1000;1000;1000;1000;1000;1000
160;America-MG;0;3;Bragantino;R;172;173;174;1000;1000;1000;1000;1000;1000;1000
161;Flamengo;2;0;Coritiba;R;195;196;1000;1000;1000;1000;1000;1000;1000;1000
162;Sao Paulo;2;2;Fluminense;R;28;29;20;21;1000;1000;1000;1000;1000;1000
163;Palmeiras;1;0;Cuiaba;R;38;1000;1000;1000;1000;1000;1000;1000;1000;1000
164;Botafogo;0;1;Atletico-MG;R;9;1000;1000;1000;1000;1000;1000;1000;1000;1000
165;Juventude;0;0;Goias;R;1000;1000;1000;1000;1000;1000;1000;1000;1000;1000
166;Ceara;3;1;Corinthians;R;150;151;152;160;1000;1000;1000;1000;1000;1000
167;Atletico-GO;0;1;Fortaleza;R;75;1000;1000;1000;1000;1000;1000;1000;1000;1000
168;Avai;1;0;Santos;R;95;1000;1000;1000;1000;1000;1000;1000;1000;1000
169;Athletico-PR;0;0;Internacional;R;1000;1000;1000;1000;1000;1000;1000;1000;1000;1000
170;America-MG;0;1;Palmeiras;R;43;1000;1000;1000;1000;1000;1000;1000;1000;1000
171;Flamengo;4;0;Juventude;R;193;194;195;196;1000;1000;1000;1000;1000;1000
172;Bragantino;2;1;Fortaleza;R;171;172;71;1000;1000;1000;1000;1000;1000;1000
173;Corinthians;3;1;Coritiba;R;159;160;161;108;1000;1000;1000;1000;1000;1000
174;Santos;2;0;Botafogo;R;129;130;1000;1000;1000;1000;1000;1000;1000;1000
175;Internacional;3;3;Sao Paulo;R;118;119;120;29;30;31;1000;1000;1000;1000
176;Ceara;1;0;Avai;R;153;1000;1000;1000;1000;1000;1000;1000;1000;1000
177;Goias;2;3;Fluminense;R;216;217;16;17;18;1000;1000;1000;1000;1000
178;Cuiaba;1;1;Atletico-MG;R;181;7;1000;1000;1000;1000;1000;1000;1000;1000
179;Athletico-PR;4;1;Atletico-GO;R;137;138;139;140;87;1000;1000;1000;1000;1000
180;Atletico-MG;1;2;Corinthians;R;10;163;164;1000;1000;1000;1000;1000;1000;1000
181;Fluminense;2;1;Bragantino;R;16;17;174;1000;1000;1000;1000;1000;1000;1000
182;Sao Paulo;3;3;Goias;R;29;30;31;214;215;216;1000;1000;1000;1000
183;Palmeiras;2;1;Internacional;R;40;41;119;1000;1000;1000;1000;1000;1000;1000
184;Botafogo;2;0;Athletico-PR;R;50;51;1000;1000;1000;1000;1000;1000;1000;1000
185;Juventude;1;0;Ceara;R;63;1000;1000;1000;1000;1000;1000;1000;1000;1000
186;Fortaleza;0;0;Santos;R;1000;1000;1000;1000;1000;1000;1000;1000;1000;1000
187;Atletico-GO;0;1;America-MG;R;207;1000;1000;1000;1000;1000;1000;1000;1000;1000
188;Avai;1;2;Flamengo;R;97;193;194;1000;1000;1000;1000;1000;1000;1000
189;Coritiba;1;0;Cuiaba;R;104;1000;1000;1000;1000;1000;1000;1000;1000;1000
190;America-MG;3;1;Avai;R;203;204;205;98;1000;1000;1000;1000;1000;1000
191;Flamengo;4;1;Atletico-GO;R;193;194;195;196;86;1000;1000;1000;1000;1000
192;Bragantino;1;0;Juventude;R;174;1000;1000;1000;1000;1000;1000;1000;1000;1000
193;Corinthians;1;0;Botafogo;R;159;1000;1000;1000;1000;1000;1000;1000;1000;1000
194;Santos;2;2;Fluminense;R;130;131;16;17;1000;1000;1000;1000;1000;1000
195;Internacional;3;0;Atletico-MG;R;118;119;120;1000;1000;1000;1000;1000;1000;1000
196;Ceara;1;2;Palmeiras;R;150;41;42;1000;1000;1000;1000;1000;1000;1000
197;Goias;1;0;Coritiba;R;218;1000;1000;1000;1000;1000;1000;1000;1000;1000
198;Cuiaba;0;1;Fortaleza;R;76;1000;1000;1000;1000;1000;1000;1000;1000;1000
199;Athletico-PR;1;0;Sao Paulo;R;141;1000;1000;1000;1000;1000;1000;1000;1000;1000
200;Atletico-MG;2;3;Athletico-PR;R;8;9;139;140;141;1000;1000;1000;1000;1000
201;Fluminense;1;0;Cuiaba;R;17;1000;1000;1000;1000;1000;1000;1000;1000;1000
202;Sao Paulo;0;2;Flamengo;R;195;195;1000;1000;1000;1000;1000;1000;1000;1000
203;Palmeiras;3;0;Goias;R;40;41;42;1000;1000;1000;1000;1000;1000;1000
204;Botafogo;1;1;Ceara;R;51;151;1000;1000;1000;1000;1000;1000;1000;1000
205;Juventude;0;1;America-MG;R;207;1000;1000;1000;1000;1000;1000;1000;1000;1000
206;Fortaleza;3;0;Internacional;R;73;74;75;1000;1000;1000;1000;1000;1000;1000
207;Atletico-GO;2;1;Bragantino;R;85;86;171;1000;1000;1000;1000;1000;1000;1000
208;Avai;1;1;Corinthians;R;98;159;1000;1000;1000;1000;1000;1000;1000;1000
209;Coritiba;1;2;Santos;R;107;128;129;1000;1000;1000;1000;1000;1000;1000
210;America-MG;1;0;Santos;R;207;1000;1000;1000;1000;1000;1000;1000;1000;1000
211;Flamengo;5;0;Athletico-PR;R;192;193;194;195;196;1000;1000;1000;1000;1000
212;Sao Paulo;3;0;Bragantino;R;29;30;31;1000;1000;1000;1000;1000;1000;1000
213;Corinthians;0;1;Palmeiras;R;38;1000;1000;1000;1000;1000;1000;1000;1000;1000
214;Botafogo;0;0;Atletico-GO;R;1000;1000;1000;1000;1000;1000;1000;1000;1000;1000
215;Internacional;3;0;Fluminense;R;118;119;120;1000;1000;1000;1000;1000;1000;1000
216;Ceara;0;1;Fortaleza;R;74;1000;1000;1000;1000;1000;1000;1000;1000;1000
217;Goias;1;1;Avai;R;218;96;1000;1000;1000;1000;1000;1000;1000;1000
218;Cuiaba;1;0;Juventude;R;186;1000;1000;1000;1000;1000;1000;1000;1000;1000
219;Coritiba;0;1;Atletico-MG;R;9;1000;1000;1000;1000;1000;1000;1000;1000;1000
220;Atletico-MG;0;1;Goias;R;217;1000;1000;1000;1000;1000;1000;1000;1000;1000
221;Fluminense;5;2;Coritiba;R;16;17;18;19;20;106;107;1000;1000;1000
222;Bragantino;1;1;Ceara;R;172;151;1000;1000;1000;1000;1000;1000;1000;1000
223;Palmeiras;1;1;Flamengo;R;40;195;1000;1000;1000;1000;1000;1000;1000;1000
224;Santos;1;0;Sao Paulo;R;129;1000;1000;1000;1000;1000;1000;1000;1000;1000
225;Juventude;2;2;Botafogo;R;61;61;50;50;1000;1000;1000;1000;1000;1000
226;Fortaleza;1;0;Corinthians;R;74;1000;1000;1000;1000;1000;1000;1000;1000;1000
227;Atletico-GO;1;1;Cuiaba;R;83;183;1000;1000;1000;1000;1000;1000;1000;1000
228;Avai;0;1;Internacional;R;118;1000;1000;1000;1000;1000;1000;1000;1000;1000
229;Athletico-PR;1;1;America-MG;R;140;206;1000;1000;1000;1000;1000;1000;1000;1000
230;America-MG;1;1;Atletico-MG;R;205;6;1000;1000;1000;1000;1000;1000;1000;1000
231;Fluminense;1;1;Palmeiras;R;16;41;1000;1000;1000;1000;1000;1000;1000;1000
232;Sao Paulo;0;1;Fortaleza;R;74;1000;1000;1000;1000;1000;1000;1000;1000;1000
233;Corinthians;1;0;Bragantino;R;161;1000;1000;1000;1000;1000;1000;1000;1000;1000
234;Botafogo;0;1;Flamengo;R;195;1000;1000;1000;1000;1000;1000;1000;1000;1000
235;Internacional;4;0;Juventude;R;115;116;117;118;1000;1000;1000;1000;1000;1000
236;Ceara;0;0;Athletico-PR;R;1000;1000;1000;1000;1000;1000;1000;1000;1000;1000
237;Goias;2;1;Atletico-GO;R;217;218;86;1000;1000;1000;1000;1000;1000;1000
238;Cuiaba;0;0;Santos;R;1000;1000;1000;1000;1000;1000;1000;1000;1000;1000
239;Coritiba;1;0;Avai;R;108;1000;1000;1000;1000;1000;1000;1000;1000;1000
240;America-MG;2;0;Coritiba;R;207;208;1000;1000;1000;1000;1000;1000;1000;1000
241;Flamengo;1;1;Ceara;R;197;152;1000;1000;1000;1000;1000;1000;1000;1000
242;Bragantino;2;2;Palmeiras;R;172;173;38;39;1000;1000;1000;1000;1000;1000
243;Corinthians;2;2;Internacional;R;162;163;118;119;1000;1000;1000;1000;1000;1000
244;Santos;1;2;Goias;R;128;218;219;1000;1000;1000;1000;1000;1000;1000
245;Juventude;1;1;Avai;R;61;96;1000;1000;1000;1000;1000;1000;1000;1000
246;Fortaleza;1;3;Botafogo;R;74;50;51;52;1000;1000;1000;1000;1000;1000
247;Atletico-GO;0;2;Atletico-MG;R;7;8;1000;1000;1000;1000;1000;1000;1000;1000
248;Cuiaba;1;1;Sao Paulo;R;185;30;1000;1000;1000;1000;1000;1000;1000;1000
249;Athletico-PR;1;0;Fluminense;R;139;1000;1000;1000;1000;1000;1000;1000;1000;1000
250;Atletico-MG;1;1;Bragantino;R;6;172;1000;1000;1000;1000;1000;1000;1000;1000
251;Fluminense;0;0;Fortaleza;P;1000;1000;1000;1000;1000;1000;1000;1000;1000;1000
252;Sao Paulo;0;0;Corinthians;P;1000;1000;1000;1000;1000;1000;1000;1000;1000;1000
253;Palmeiras;0;0;Juventude;P;1000;1000;1000;1000;1000;1000;1000;1000;1000;1000
254;Botafogo;0;0;America-MG;P;1000;1000;1000;1000;1000;1000;1000;1000;1000;1000
255;Internacional;0;0;Cuiaba;P;1000;1000;1000;1000;1000;1000;1000;1000;1000;1000
256;Ceara;0;0;Santos;P;1000;1000;1000;1000;1000;1000;1000;1000;1000;1000
257;Goias;0;0;Flamengo;P;1000;1000;1000;1000;1000;1000;1000;1000;1000;1000
258;Avai;0;0;Athletico-PR;P;1000;1000;1000;1000;1000;1000;1000;1000;1000;1000
259;Coritiba;0;0;Atletico-GO;P;1000;1000;1000;1000;1000;1000;1000;1000;1000;1000
260;America-MG;0;0;Corinthians;P;1000;1000;1000;1000;1000;1000;1000;1000;1000;1000
261;Flamengo;0;0;Fluminense;P;1000;1000;1000;1000;1000;1000;1000;1000;1000;1000
262;Bragantino;0;0;Goias;P;1000;1000;1000;1000;1000;1000;1000;1000;1000;1000
263;Palmeiras;0;0;Santos;P;1000;1000;1000;1000;1000;1000;1000;1000;1000;1000
264;Botafogo;0;0;Coritiba;P;1000;1000;1000;1000;1000;1000;1000;1000;1000;1000
265;Juventude;0;0;Fortaleza;P;1000;1000;1000;1000;1000;1000;1000;1000;1000;1000
266;Ceara;0;0;Sao Paulo;P;1000;1000;1000;1000;1000;1000;1000;1000;1000;1000
267;Atletico-GO;0;0;Internacional;P;1000;1000;1000;1000;1000;1000;1000;1000;1000;1000
268;Avai;0;0;Atletico-MG;P;1000;1000;1000;1000;1000;1000;1000;1000;1000;1000
269;Athletico-PR;0;0;Cuiaba;P;1000;1000;1000;1000;1000;1000;1000;1000;1000;1000
270;Atletico-MG;0;0;Palmeiras;P;1000;1000;1000;1000;1000;1000;1000;1000;1000;1000
271;Fluminense;0;0;Juventude;P;1000;1000;1000;1000;1000;1000;1000;1000;1000;1000
272;Sao Paulo;0;0;Avai;P;1000;1000;1000;1000;1000;1000;1000;1000;1000;1000
273;Corinthians;0;0;Atletico-GO;P;1000;1000;1000;1000;1000;1000;1000;1000;1000;1000
274;Santos;0;0;Athletico-PR;P;1000;1000;1000;1000;1000;1000;1000;1000;1000;1000
275;Internacional;0;0;Bragantino;P;1000;1000;1000;1000;1000;1000;1000;1000;1000;1000
276;Fortaleza;0;0;Flamengo;P;1000;1000;1000;1000;1000;1000;1000;1000;1000;1000
277;Goias;0;0;Botafogo;P;1000;1000;1000;1000;1000;1000;1000;1000;1000;1000
278;Cuiaba;0;0;America-MG;P;1000;1000;1000;1000;1000;1000;1000;1000;1000;1000
279;Coritiba;0;0;Ceara;P;1000;1000;1000;1000;1000;1000;1000;1000;1000;1000
280;Atletico-MG;0;0;Fluminense;P;1000;1000;1000;1000;1000;1000;1000;1000;1000;1000
281;Flamengo;0;0;Bragantino;P;1000;1000;1000;1000;1000;1000;1000;1000;1000;1000
282;Sao Paulo;0;0;Coritiba;P;1000;1000;1000;1000;1000;1000;1000;1000;1000;1000
283;Corinthians;0;0;Cuiaba;P;1000;1000;1000;1000;1000;1000;1000;1000;1000;1000
284;Botafogo;0;0;Palmeiras;P;1000;1000;1000;1000;1000;1000;1000;1000;1000;1000
285;Internacional;0;0;Santos;P;1000;1000;1000;1000;1000;1000;1000;1000;1000;1000
286;Ceara;0;0;America-MG;P;1000;1000;1000;1000;1000;1000;1000;1000;1000;1000
287;Goias;0;0;Fortaleza;P;1000;1000;1000;1000;1000;1000;1000;1000;1000;1000
288;Avai;0;0;Atletico-GO;P;1000;1000;1000;1000;1000;1000;1000;1000;1000;1000
289;Athletico-PR;0;0;Juventude;P;1000;1000;1000;1000;1000;1000;1000;1000;1000;1000
290;America-MG;0;0;Sao Paulo;P;1000;1000;1000;1000;1000;1000;1000;1000;1000;1000
291;Flamengo;0;0;Internacional;P;1000;1000;1000;1000;1000;1000;1000;1000;1000;1000
292;Bragantino;0;0;Cuiaba;P;1000;1000;1000;1000;1000;1000;1000;1000;1000;1000
293;Palmeiras;0;0;Coritiba;P;1000;1000;1000;1000;1000;1000;1000;1000;1000;1000
294;Santos;0;0;Atletico-MG;P;1000;1000;1000;1000;1000;1000;1000;1000;1000;1000
295;Juventude;0;0;Corinthians;P;1000;1000;1000;1000;1000;1000;1000;1000;1000;1000
296;Ceara;0;0;Goias;P;1000;1000;1000;1000;1000;1000;1000;1000;1000;1000
297;Atletico-GO;0;0;Fluminense;P;1000;1000;1000;1000;1000;1000;1000;1000;1000;1000
298;Avai;0;0;Botafogo;P;1000;1000;1000;1000;1000;1000;1000;1000;1000;1000
299;Athletico-PR;0;0;Fortaleza;P;1000;1000;1000;1000;1000;1000;1000;1000;1000;1000
300;Atletico-MG;0;0;Ceara;P;1000;1000;1000;1000;1000;1000;1000;1000;1000;1000
301;Fluminense;0;0;America-MG;P;1000;1000;1000;1000;1000;1000;1000;1000;1000;1000
302;Sao Paulo;0;0;Botafogo;P;1000;1000;1000;1000;1000;1000;1000;1000;1000;1000
303;Corinthians;0;0;Athletico-PR;P;1000;1000;1000;1000;1000;1000;1000;1000;1000;1000
304;Santos;0;0;Juventude;P;1000;1000;1000;1000;1000;1000;1000;1000;1000;1000
305;Internacional;0;0;Goias;P;1000;1000;1000;1000;1000;1000;1000;1000;1000;1000
306;Fortaleza;0;0;Avai;P;1000;1000;1000;1000;1000;1000;1000;1000;1000;1000
307;Atletico-GO;0;0;Palmeiras;P;1000;1000;1000;1000;1000;1000;1000;1000;1000;1000
308;Cuiaba;0;0;Flamengo;P;1000;1000;1000;1000;1000;1000;1000;1000;1000;1000
309;Coritiba;0;0;Bragantino;P;1000;1000;1000;1000;1000;1000;1000;1000;1000;1000
310;America-MG;0;0;Fortaleza;P;1000;1000;1000;1000;1000;1000;1000;1000;1000;1000
311;Flamengo;0;0;Atletico-MG;P;1000;1000;1000;1000;1000;1000;1000;1000;1000;1000
312;Bragantino;0;0;Santos;P;1000;1000;1000;1000;1000;1000;1000;1000;1000;1000
313;Palmeiras;0;0;Sao Paulo;P;1000;1000;1000;1000;1000;1000;1000;1000;1000;1000
314;Botafogo;0;0;Internacional;P;1000;1000;1000;1000;1000;1000;1000;1000;1000;1000
315;Juventude;0;0;Atletico-GO;P;1000;1000;1000;1000;1000;1000;1000;1000;1000;1000
316;Ceara;0;0;Cuiaba;P;1000;1000;1000;1000;1000;1000;1000;1000;1000;1000
317;Goias;0;0;Corinthians;P;1000;1000;1000;1000;1000;1000;1000;1000;1000;1000
318;Avai;0;0;Fluminense;P;1000;1000;1000;1000;1000;1000;1000;1000;1000;1000
319;Athletico-PR;0;0;Coritiba;P;1000;1000;1000;1000;1000;1000;1000;1000;1000;1000
320;America-MG;0;0;Flamengo;P;1000;1000;1000;1000;1000;1000;1000;1000;1000;1000
321;Fluminense;0;0;Botafogo;P;1000;1000;1000;1000;1000;1000;1000;1000;1000;1000
322;Bragantino;0;0;Athletico-PR;P;1000;1000;1000;1000;1000;1000;1000;1000;1000;1000
323;Palmeiras;0;0;Avai;P;1000;1000;1000;1000;1000;1000;1000;1000;1000;1000
324;Santos;0;0;Corinthians;P;1000;1000;1000;1000;1000;1000;1000;1000;1000;1000
325;Juventude;0;0;Sao Paulo;P;1000;1000;1000;1000;1000;1000;1000;1000;1000;1000
326;Fortaleza;0;0;Atletico-MG;P;1000;1000;1000;1000;1000;1000;1000;1000;1000;1000
327;Atletico-GO;0;0;Ceara;P;1000;1000;1000;1000;1000;1000;1000;1000;1000;1000
328;Cuiaba;0;0;Goias;P;1000;1000;1000;1000;1000;1000;1000;1000;1000;1000
329;Coritiba;0;0;Internacional;P;1000;1000;1000;1000;1000;1000;1000;1000;1000;1000
330;Atletico-MG;0;0;Juventude;P;1000;1000;1000;1000;1000;1000;1000;1000;1000;1000
331;Flamengo;0;0;Santos;P;1000;1000;1000;1000;1000;1000;1000;1000;1000;1000
332;Sao Paulo;0;0;Atletico-GO;P;1000;1000;1000;1000;1000;1000;1000;1000;1000;1000
333;Corinthians;0;0;Fluminense;P;1000;1000;1000;1000;1000;1000;1000;1000;1000;1000
334;Botafogo;0;0;Bragantino;P;1000;1000;1000;1000;1000;1000;1000;1000;1000;1000
335;Internacional;0;0;Ceara;P;1000;1000;1000;1000;1000;1000;1000;1000;1000;1000
336;Fortaleza;0;0;Coritiba;P;1000;1000;1000;1000;1000;1000;1000;1000;1000;1000
337;Goias;0;0;America-MG;P;1000;1000;1000;1000;1000;1000;1000;1000;1000;1000
338;Cuiaba;0;0;Avai;P;1000;1000;1000;1000;1000;1000;1000;1000;1000;1000
339;Athletico-PR;0;0;Palmeiras;P;1000;1000;1000;1000;1000;1000;1000;1000;1000;1000
340;America-MG;0;0;Internacional;P;1000;1000;1000;1000;1000;1000;1000;1000;1000;1000
341;Flamengo;0;0;Corinthians;P;1000;1000;1000;1000;1000;1000;1000;1000;1000;1000
342;Sao Paulo;0;0;Atletico-MG;P;1000;1000;1000;1000;1000;1000;1000;1000;1000;1000
343;Palmeiras;0;0;Fortaleza;P;1000;1000;1000;1000;1000;1000;1000;1000;1000;1000
344;Botafogo;0;0;Cuiaba;P;1000;1000;1000;1000;1000;1000;1000;1000;1000;1000
345;Juventude;0;0;Coritiba;P;1000;1000;1000;1000;1000;1000;1000;1000;1000;1000
346;Ceara;0;0;Fluminense;P;1000;1000;1000;1000;1000;1000;1000;1000;1000;1000
347;Atletico-GO;0;0;Santos;P;1000;1000;1000;1000;1000;1000;1000;1000;1000;1000
348;Avai;0;0;Bragantino;P;1000;1000;1000;1000;1000;1000;1000;1000;1000;1000
349;Athletico-PR;0;0;Goias;P;1000;1000;1000;1000;1000;1000;1000;1000;1000;1000
350;Atletico-MG;0;0;Botafogo;P;1000;1000;1000;1000;1000;1000;1000;1000;1000;1000
351;Fluminense;0;0;Sao Paulo;P;1000;1000;1000;1000;1000;1000;1000;1000;1000;1000
352;Bragantino;0;0;America-MG;P;1000;1000;1000;1000;1000;1000;1000;1000;1000;1000
353;Corinthians;0;0;Ceara;P;1000;1000;1000;1000;1000;1000;1000;1000;1000;1000
354;Santos;0;0;Avai;P;1000;1000;1000;1000;1000;1000;1000;1000;1000;1000
355;Internacional;0;0;Athletico-PR;P;1000;1000;1000;1000;1000;1000;1000;1000;1000;1000
356;Fortaleza;0;0;Atletico-GO;P;1000;1000;1000;1000;1000;1000;1000;1000;1000;1000
357;Goias;0;0;Juventude;P;1000;1000;1000;1000;1000;1000;1000;1000;1000;1000
358;Cuiaba;0;0;Palmeiras;P;1000;1000;1000;1000;1000;1000;1000;1000;1000;1000
359;Coritiba;0;0;Flamengo;P;1000;1000;1000;1000;1000;1000;1000;1000;1000;1000
360;Atletico-MG;0;0;Cuiaba;P;1000;1000;1000;1000;1000;1000;1000;1000;1000;1000
361;Fluminense;0;0;Goias;P;1000;1000;1000;1000;1000;1000;1000;1000;1000;1000
362;Sao Paulo;0;0;Internacional;P;1000;1000;1000;1000;1000;1000;1000;1000;1000;1000
363;Palmeiras;0;0;America-MG;P;1000;1000;1000;1000;1000;1000;1000;1000;1000;1000
364;Botafogo;0;0;Santos;P;1000;1000;1000;1000;1000;1000;1000;1000;1000;1000
365;Juventude;0;0;Flamengo;P;1000;1000;1000;1000;1000;1000;1000;1000;1000;1000
366;Fortaleza;0;0;Bragantino;P;1000;1000;1000;1000;1000;1000;1000;1000;1000;1000
367;Atletico-GO;0;0;Athletico-PR;P;1000;1000;1000;1000;1000;1000;1000;1000;1000;1000
368;Avai;0;0;Ceara;P;1000;1000;1000;1000;1000;1000;1000;1000;1000;1000
369;Coritiba;0;0;Corinthians;P;1000;1000;1000;1000;1000;1000;1000;1000;1000;1000
370;America-MG;0;0;Atletico-GO;P;1000;1000;1000;1000;1000;1000;1000;1000;1000;1000
371;Flamengo;0;0;Avai;P;1000;1000;1000;1000;1000;1000;1000;1000;1000;1000
372;Bragantino;0;0;Fluminense;P;1000;1000;1000;1000;1000;1000;1000;1000;1000;1000
373;Corinthians;0;0;Atletico-MG;P;1000;1000;1000;1000;1000;1000;1000;1000;1000;1000
374;Santos;0;0;Fortaleza;P;1000;1000;1000;1000;1000;1000;1000;1000;1000;1000
375;Internacional;0;0;Palmeiras;P;1000;1000;1000;1000;1000;1000;1000;1000;1000;1000
376;Ceara;0;0;Juventude;P;1000;1000;1000;1000;1000;1000;1000;1000;1000;1000
377;Goias;0;0;Sao Paulo;P;1000;1000;1000;1000;1000;1000;1000;1000;1000;1000
378;Cuiaba;0;0;Coritiba;P;1000;1000;1000;1000;1000;1000;1000;1000;1000;1000
379;Athletico-PR;0;0;Botafogo;P;1000;1000;1000;1000;1000;1000;1000;1000;1000;1000
